Workbook

Sheet RAW DATA
A1: ME-ZCMC-2026-014
A2: <> | B2: 1 | C2: 2 | D2: 3 | E2: 4 | F2: 5 | G2: 6 | H2: 7 | I2: 8 | J2: 9 | K2: 10 | L2: 11
A3: A | B3: 0.4393
A4: B | B4: 1.6421
A5: C | B5: 0.0846
A6: D | B6: 1.002
A7: E | B7: 0.0376
A8: F | B8: 0.0526
A9: G | B9: 0.1077
A10: H
A15: PERFORMED BY: | B15: A.REYES
A16: VALIDATED BY: | B16: M.PUTI
A17: DATE PERFORMED: | B17: 46237
A18: TIME: | B18: 0.36527778
A19: Start Temp: | B19: 23.7°C
A20: End Temp: | B20: 23.4°C
A23: Lot no.: | B23: E251106DO
A24: Expiry Date: | B24: 46153

Sheet TEST PROTOCOL
A2: ZAMBOANGA CITY MEDICAL CENTER
A3: Department of Pathology and Laboratory Medicine
A4: Dr. D. Evangelista St. Sta. Catalina, 7000 Zamboanga City
A6: Measles IgM Serology Testing Protocol
A7: Vaccine Preventable Disease Referral Laboratory
B10: ="Protocol no.: " & 'RAW DATA'!A1 -> Protocol no.: ME-ZCMC-2026-014 | G10: Lot No.: | H10: ='RAW DATA'!B23 -> E251106DO | L10: ="Date Performed: " & TEXT('RAW DATA'!B17, "mm/dd/yyyy") -> Date Performed: 08/03/2026
B11: Method: ELISA | G11: Expiry Date: | H11: =TEXT('RAW DATA'!B24, "mm/dd/yyyy") -> 05/11/2026 | L11: ="Time: " & TEXT('RAW DATA'!B18, "h:mm AM/PM") -> Time: 8:46 am
B12: Name of Test: Anti-Measles IgM | G12: Room temp: | H12: 20-25°C | L12: ="Performed by: " & 'RAW DATA'!B15 -> Performed by: A.REYES
B13: Name of Kit: Euroimmun | G13: Start: | H13: ='RAW DATA'!B19 -> 23.7°C | L13: ="Validated by: " & 'RAW DATA'!B16 -> Validated by: M.PUTI
G14: End: | H14: ='RAW DATA'!B20 -> 23.4°C
C16: 1 | D16: 2 | E16: 3 | F16: 4 | G16: 5 | H16: 6 | I16: 7 | J16: 8 | K16: 9 | L16: 10 | M16: 11 | N16: 12
B17: A | C17: CAL
B18: B | C18: PC
B19: C | C19: NC
B20: D | C20: IHC
B21: E | C21: MR-2026-06-0066
B22: F | C22: MR-2026-06-0067
B23: G | C23: MR-2026-06-0068
B24: H
B26: Remarks:

Sheet ME WORKSHEET
A1: ZAMBOANGA CITY MEDICAL CENTER
A2: Department of Pathology and Laboratory Medicine
A3: Dr. D. Evangelista St. Sta. Catalina, 7000 Zamboanga City
A5: Measles IgM Worksheet
A6: Vaccine Preventable Diseases Referral Laboratory
A9: ="Protocol no.: " & 'RAW DATA'!A1 -> Protocol no.: ME-ZCMC-2026-014 | D9: ="Lot No.:" & 'RAW DATA'!B23 -> Lot No.:E251106DO | E9: =" Date Performed: " & TEXT('RAW DATA'!B17, "mm/dd/yyyy") -> Date Performed: 08/03/2026
A10: Method: ELISA | D10: ="Expiry Date: " & TEXT('RAW DATA'!B24, "mm/dd/yyyy") -> Expiry Date: 05/11/2026 | E10: Time: | G10: ='RAW DATA'!B18 -> 0.36527778
A11: Name of Test: Anti-Measles IgM | D11: Room temp: 20-25°C | E11: Performed by: | G11: ='RAW DATA'!B15 -> A.REYES
A12: Name of Kit: Euroimmun | D12: ="Start: " & 'RAW DATA'!B19 -> Start: 23.7°C | E12: Validated by: | G12: ='RAW DATA'!B16 -> M.PUTI
D13: ="End: " & 'RAW DATA'!B20 -> End: 23.4°C
A16: Validation Criteria:
C17: CRITERIA | D17: RESULT | E17: VALID/INVALID
A18: Calibrator OD | C18: >0.140 | D18: =D32 -> 0.4393 | E18: =IF(D18 > 0.14,"VALID", "INVALID") -> VALID
A19: Positive Control Ratio: | C19: 1.9 - 4.9 | D19: =E33 -> 3.7379923 | E19: =IF(AND(D19 >= 1.9, D19 <= 4.9),"VALID","INVALID") -> VALID
A20: Negative Control Ratio: | C20: 0-0.7 | D20: =E34 -> 0.1925791 | E20: =IF(AND(D20 >= 0, D20 <= 0.7), "VALID", "INVALID") -> VALID
A23: Interpretation of Result:
C24: RATIO | D24: RESULT
C25: <0.8 | D25: Negative
C26: ≥0.8 - <1.1 | D26: Equivocal
C27: ≥1.1 | D27: Positive
B31: Well No.: | C31: LAB ID | D31: OD | E31: RATIO | G31: RESULT
B32: =ROW(B1) -> 1 | C32: ='TEST PROTOCOL'!C17 -> CAL | D32: ='RAW DATA'!B3 -> 0.4393
B33: =ROW(B2) -> 2 | C33: ='TEST PROTOCOL'!C18 -> PC | D33: ='RAW DATA'!B4 -> 1.6421 | E33: =IF(D33="", "", D33/$D$32) -> 3.7379923 | G33: =IF(E33="", "", IF(E33<0.8,"NEGATIVE", IF(E33<1.1,"EQUIVOCAL","POSITIVE"))) -> POSITIVE
B34: =ROW(B3) -> 3 | C34: ='TEST PROTOCOL'!C19 -> NC | D34: ='RAW DATA'!B5 -> 0.0846 | E34: =IF(D34="", "", D34/$D$32) -> 0.1925791 | G34: =IF(E34="", "", IF(E34<0.8,"NEGATIVE", IF(E34<1.1,"EQUIVOCAL","POSITIVE"))) -> NEGATIVE
B35: =ROW(B4) -> 4 | C35: ='TEST PROTOCOL'!C20 -> IHC | D35: ='RAW DATA'!B6 -> 1.002 | E35: =IF(D35="", "", D35/$D$32) -> 2.2809014 | G35: =IF(E35="", "", IF(E35<0.8,"NEGATIVE", IF(E35<1.1,"EQUIVOCAL","POSITIVE"))) -> POSITIVE
B36: =ROW(B5) -> 5 | C36: =IF('TEST PROTOCOL'!C21="", "", 'TEST PROTOCOL'!C21) -> MR-2026-06-0066 | D36: ='RAW DATA'!B7 -> 0.0376 | E36: =IF(D36="", "", D36/$D$32) -> 0.085590712 | G36: =IF(E36="", "", IF(E36<0.8,"NEGATIVE", IF(E36<1.1,"EQUIVOCAL","POSITIVE"))) -> NEGATIVE
B37: =ROW(B6) -> 6 | C37: =IF('TEST PROTOCOL'!C22="", "", 'TEST PROTOCOL'!C22) -> MR-2026-06-0067 | D37: =IF('RAW DATA'!B8="", "", 'RAW DATA'!B8) -> 0.0526 | E37: =IF(D37="", "", D37/$D$32) -> 0.11973594 | G37: =IF(E37="", "", IF(E37<0.8,"NEGATIVE", IF(E37<1.1,"EQUIVOCAL","POSITIVE"))) -> NEGATIVE
B38: =ROW(B7) -> 7 | C38: =IF('TEST PROTOCOL'!C23="", "", 'TEST PROTOCOL'!C23) -> MR-2026-06-0068 | D38: =IF('RAW DATA'!B9="", "", 'RAW DATA'!B9) -> 0.1077 | E38: =IF(D38="", "", D38/$D$32) -> 0.24516276 | G38: =IF(E38="", "", IF(E38<0.8,"NEGATIVE", IF(E38<1.1,"EQUIVOCAL","POSITIVE"))) -> NEGATIVE
B39: =ROW(B8) -> 8 | C39: =IF('TEST PROTOCOL'!C24="", "", 'TEST PROTOCOL'!C24)
B40: =ROW(B9) -> 9 | C40: =IF('TEST PROTOCOL'!D17="", "", 'TEST PROTOCOL'!D17) | D40: =IF('RAW DATA'!C3="", "", 'RAW DATA'!C3) | E40: =IF(D40="", "", D40/$D$32) | G40: =IF(E40="", "", IF(E40<0.8,"NEGATIVE", IF(E40<1.1,"EQUIVOCAL","POSITIVE")))
B41: =ROW(B10) -> 10 | C41: =IF('TEST PROTOCOL'!D18="", "", 'TEST PROTOCOL'!D18) | D41: =IF('RAW DATA'!C4="", "", 'RAW DATA'!C4) | E41: =IF(D41="", "", D41/$D$32) | G41: =IF(E41="", "", IF(E41<0.8,"NEGATIVE", IF(E41<1.1,"EQUIVOCAL","POSITIVE")))
B42: =ROW(B11) -> 11 | C42: =IF('TEST PROTOCOL'!D19="", "", 'TEST PROTOCOL'!D19) | D42: =IF('RAW DATA'!C5="", "", 'RAW DATA'!C5) | E42: =IF(D42="", "", D42/$D$32) | G42: =IF(E42="", "", IF(E42<0.8,"NEGATIVE", IF(E42<1.1,"EQUIVOCAL","POSITIVE")))
B43: =ROW(B12) -> 12 | C43: =IF('TEST PROTOCOL'!D20="", "", 'TEST PROTOCOL'!D20) | D43: =IF('RAW DATA'!C6="", "", 'RAW DATA'!C6) | E43: =IF(D43="", "", D43/$D$32) | G43: =IF(E43="", "", IF(E43<0.8,"NEGATIVE", IF(E43<1.1,"EQUIVOCAL","POSITIVE")))
B44: =ROW(B13) -> 13 | C44: =IF('TEST PROTOCOL'!D21="", "", 'TEST PROTOCOL'!D21) | D44: =IF('RAW DATA'!C7="", "", 'RAW DATA'!C7) | E44: =IF(D44="", "", D44/$D$32) | G44: =IF(E44="", "", IF(E44<0.8,"NEGATIVE", IF(E44<1.1,"EQUIVOCAL","POSITIVE")))
B45: =ROW(B14) -> 14 | C45: =IF('TEST PROTOCOL'!D22="", "", 'TEST PROTOCOL'!D22) | D45: =IF('RAW DATA'!C8="", "", 'RAW DATA'!C8) | E45: =IF(D45="", "", D45/$D$32) | G45: =IF(E45="", "", IF(E45<0.8,"NEGATIVE", IF(E45<1.1,"EQUIVOCAL","POSITIVE")))
B46: =ROW(B15) -> 15 | C46: =IF('TEST PROTOCOL'!D23="", "", 'TEST PROTOCOL'!D23)
B47: =ROW(B16) -> 16 | C47: =IF('TEST PROTOCOL'!D24="", "", 'TEST PROTOCOL'!D24)
B48: =ROW(B17) -> 17 | C48: =IF('TEST PROTOCOL'!E17="", "", 'TEST PROTOCOL'!E17) | D48: =IF('RAW DATA'!D3="", "", 'RAW DATA'!D3) | E48: =IF(D48="", "", D48/$D$32) | G48: =IF(E48="", "", IF(E48<0.8,"NEGATIVE", IF(E48<1.1,"EQUIVOCAL","POSITIVE")))
B49: =ROW(B18) -> 18 | C49: =IF('TEST PROTOCOL'!E18="", "", 'TEST PROTOCOL'!E18) | D49: =IF('RAW DATA'!D4="", "", 'RAW DATA'!D4) | E49: =IF(D49="", "", D49/$D$32) | G49: =IF(E49="", "", IF(E49<0.8,"NEGATIVE", IF(E49<1.1,"EQUIVOCAL","POSITIVE")))
